feature,weight
critical_val,0.27262356619127887
not_calm_val,0.25917378258368196
disorganized_val,0.23949728957595556
not_dependable_val,0.22870536164908356
