feature,weight
poor_sleep_quality,0.5741015550657523
daytime_sleepiness,0.2975883987337817
few_hours,0.128310046200466
