feature,weight
anxious_val,0.3354634155659257
critical_val,0.3230661026542714
not_calm_val,0.29957561376722563
not_reserved_val,0.041894868012577455
