feature,weight
anxiety_val,0.35641754059293934
not_calm_val,0.24384404182685362
stress_val,0.21713158711145983
disorganized_val,0.18260683046874715
